Weathering,NSP,pc
0,76,9.986859395532194
1,265,34.82260183968462
2,202,26.544021024967147
3,169,22.207621550591327
4,44,5.781865965834428
5,5,0.657030223390276
